Species,Count,Location,Observation type,Observation date,Start Time,Duration,Distance,Area,Elevation,Party Size,Complete Checklist,# of species,Details
Red-eyed Dove (Streptopelia semitorquata),3,Maun--Audi Camp,Incidental,"Jun 29, 2024",5:53 PM,,,,,1,FALSE,2 species,
African Grey Hornbill (Lophoceros nasutus),1,Maun--Audi Camp,Incidental,"Jun 29, 2024",5:53 PM,,,,,1,FALSE,2 species,
Red-billed Spurfowl (Pternistis adspersus),2,Maun--Audi Camp,Traveling,"Jun 30, 2024",8:24 AM,"3 hour(s), 35 minute(s)",2.117 kilometer(s),,,1,TRUE,19 species,
Red-eyed Dove (Streptopelia semitorquata),5,Maun--Audi Camp,Traveling,"Jun 30, 2024",8:24 AM,"3 hour(s), 35 minute(s)",2.117 kilometer(s),,,1,TRUE,19 species,
Ring-necked Dove (Streptopelia capicola),5,Maun--Audi Camp,Traveling,"Jun 30, 2024",8:24 AM,"3 hour(s), 35 minute(s)",2.117 kilometer(s),,,1,TRUE,19 species,
Laughing Dove (Spilopelia senegalensis),2,Maun--Audi Camp,Traveling,"Jun 30, 2024",8:24 AM,"3 hour(s), 35 minute(s)",2.117 kilometer(s),,,1,TRUE,19 species,
African Green-Pigeon (Treron calvus),5,Maun--Audi Camp,Traveling,"Jun 30, 2024",8:24 AM,"3 hour(s), 35 minute(s)",2.117 kilometer(s),,,1,TRUE,19 species,
Grey Go-away-bird (Crinifer concolor),1,Maun--Audi Camp,Traveling,"Jun 30, 2024",8:24 AM,"3 hour(s), 35 minute(s)",2.117 kilometer(s),,,1,TRUE,19 species,
Green Woodhoopoe (Phoeniculus purpureus),2,Maun--Audi Camp,Traveling,"Jun 30, 2024",8:24 AM,"3 hour(s), 35 minute(s)",2.117 kilometer(s),,,1,TRUE,19 species,
African Grey Hornbill (Lophoceros nasutus),3,Maun--Audi Camp,Traveling,"Jun 30, 2024",8:24 AM,"3 hour(s), 35 minute(s)",2.117 kilometer(s),,,1,TRUE,19 species,
Southern Red-billed Hornbill (Tockus rufirostris),4,Maun--Audi Camp,Traveling,"Jun 30, 2024",8:24 AM,"3 hour(s), 35 minute(s)",2.117 kilometer(s),,,1,TRUE,19 species,
Gabon Boubou (Laniarius bicolor),2,Maun--Audi Camp,Traveling,"Jun 30, 2024",8:24 AM,"3 hour(s), 35 minute(s)",2.117 kilometer(s),,,1,TRUE,19 species,
Magpie Shrike (Urolestes melanoleucus),6,Maun--Audi Camp,Traveling,"Jun 30, 2024",8:24 AM,"3 hour(s), 35 minute(s)",2.117 kilometer(s),,,1,TRUE,19 species,
Yellow-bellied Greenbul (Chlorocichla flaviventris),2,Maun--Audi Camp,Traveling,"Jun 30, 2024",8:24 AM,"3 hour(s), 35 minute(s)",2.117 kilometer(s),,,1,TRUE,19 species,
Black-fronted Bulbul (Pycnonotus nigricans),4,Maun--Audi Camp,Traveling,"Jun 30, 2024",8:24 AM,"3 hour(s), 35 minute(s)",2.117 kilometer(s),,,1,TRUE,19 species,Red eye ring.
Arrow-marked Babbler (Turdoides jardineii),3,Maun--Audi Camp,Traveling,"Jun 30, 2024",8:24 AM,"3 hour(s), 35 minute(s)",2.117 kilometer(s),,,1,TRUE,19 species,
Red-billed Oxpecker (Buphagus erythroryncha),4,Maun--Audi Camp,Traveling,"Jun 30, 2024",8:24 AM,"3 hour(s), 35 minute(s)",2.117 kilometer(s),,,1,TRUE,19 species,
Meves's Starling (Lamprotornis mevesii),5,Maun--Audi Camp,Traveling,"Jun 30, 2024",8:24 AM,"3 hour(s), 35 minute(s)",2.117 kilometer(s),,,1,TRUE,19 species,
Kurrichane Thrush (Turdus libonyana),1,Maun--Audi Camp,Traveling,"Jun 30, 2024",8:24 AM,"3 hour(s), 35 minute(s)",2.117 kilometer(s),,,1,TRUE,19 species,
White-browed Robin-Chat (Cossypha heuglini),2,Maun--Audi Camp,Traveling,"Jun 30, 2024",8:24 AM,"3 hour(s), 35 minute(s)",2.117 kilometer(s),,,1,TRUE,19 species,
Red-billed Buffalo-Weaver (Bubalornis niger),3,Maun--Audi Camp,Traveling,"Jun 30, 2024",8:24 AM,"3 hour(s), 35 minute(s)",2.117 kilometer(s),,,1,TRUE,19 species,
Coppery-tailed Coucal (Centropus cupreicaudus),1,"Auto selected -19.11826, 23.51164",Historical,"Jul 1, 2024",5:00 PM,1 minute(s),0.0 kilometer(s),,,7,FALSE,12 species,
Blacksmith Lapwing (Vanellus armatus),2,"Auto selected -19.11826, 23.51164",Historical,"Jul 1, 2024",5:00 PM,1 minute(s),0.0 kilometer(s),,,7,FALSE,12 species,
White-backed Vulture (Gyps africanus),2,"Auto selected -19.11826, 23.51164",Historical,"Jul 1, 2024",5:00 PM,1 minute(s),0.0 kilometer(s),,,7,FALSE,12 species,
Bateleur (Terathopius ecaudatus),2,"Auto selected -19.11826, 23.51164",Historical,"Jul 1, 2024",5:00 PM,1 minute(s),0.0 kilometer(s),,,7,FALSE,12 species,
Pearl-spotted Owlet (Glaucidium perlatum),1,"Auto selected -19.11826, 23.51164",Historical,"Jul 1, 2024",5:00 PM,1 minute(s),0.0 kilometer(s),,,7,FALSE,12 species,
Green Woodhoopoe (Phoeniculus purpureus),1,"Auto selected -19.11826, 23.51164",Historical,"Jul 1, 2024",5:00 PM,1 minute(s),0.0 kilometer(s),,,7,FALSE,12 species,
Southern Ground-Hornbill (Bucorvus leadbeateri),4,"Auto selected -19.11826, 23.51164",Historical,"Jul 1, 2024",5:00 PM,1 minute(s),0.0 kilometer(s),,,7,FALSE,12 species,
Southern Yellow-billed Hornbill (Tockus leucomelas),1,"Auto selected -19.11826, 23.51164",Historical,"Jul 1, 2024",5:00 PM,1 minute(s),0.0 kilometer(s),,,7,FALSE,12 species,
Southern Red-billed Hornbill (Tockus rufirostris),1,"Auto selected -19.11826, 23.51164",Historical,"Jul 1, 2024",5:00 PM,1 minute(s),0.0 kilometer(s),,,7,FALSE,12 species,
Lilac-breasted Roller (Coracias caudatus),1,"Auto selected -19.11826, 23.51164",Historical,"Jul 1, 2024",5:00 PM,1 minute(s),0.0 kilometer(s),,,7,FALSE,12 species,
White-crested Helmetshrike (Prionops plumatus),1,"Auto selected -19.11826, 23.51164",Historical,"Jul 1, 2024",5:00 PM,1 minute(s),0.0 kilometer(s),,,7,FALSE,12 species,
Burchell's Starling (Lamprotornis australis),1,"Auto selected -19.11826, 23.51164",Historical,"Jul 1, 2024",5:00 PM,1 minute(s),0.0 kilometer(s),,,7,FALSE,12 species,
Red-eyed Dove (Streptopelia semitorquata),1,"Auto selected -19.11847, 23.51189",Historical,"Jul 2, 2024",7:09 AM,8 hour(s),10.0 kilometer(s),,,7,TRUE,35 species (+1 other taxa),
Burchell's Sandgrouse (Pterocles burchelli),8,"Auto selected -19.11847, 23.51189",Historical,"Jul 2, 2024",7:09 AM,8 hour(s),10.0 kilometer(s),,,7,TRUE,35 species (+1 other taxa),
sandgrouse sp. (Pterocles sp.),10,"Auto selected -19.11847, 23.51189",Historical,"Jul 2, 2024",7:09 AM,8 hour(s),10.0 kilometer(s),,,7,TRUE,35 species (+1 other taxa),
Senegal Coucal (Centropus senegalensis),1,"Auto selected -19.11847, 23.51189",Historical,"Jul 2, 2024",7:09 AM,8 hour(s),10.0 kilometer(s),,,7,TRUE,35 species (+1 other taxa),
Wattled Crane (Bugeranus carunculatus),8,"Auto selected -19.11847, 23.51189",Historical,"Jul 2, 2024",7:09 AM,8 hour(s),10.0 kilometer(s),,,7,TRUE,35 species (+1 other taxa),
Water Thick-knee (Burhinus vermiculatus),2,"Auto selected -19.11847, 23.51189",Historical,"Jul 2, 2024",7:09 AM,8 hour(s),10.0 kilometer(s),,,7,TRUE,35 species (+1 other taxa),
Long-toed Lapwing (Vanellus crassirostris),3,"Auto selected -19.11847, 23.51189",Historical,"Jul 2, 2024",7:09 AM,8 hour(s),10.0 kilometer(s),,,7,TRUE,35 species (+1 other taxa),
Blacksmith Lapwing (Vanellus armatus),2,"Auto selected -19.11847, 23.51189",Historical,"Jul 2, 2024",7:09 AM,8 hour(s),10.0 kilometer(s),,,7,TRUE,35 species (+1 other taxa),
African Jacana (Actophilornis africanus),2,"Auto selected -19.11847, 23.51189",Historical,"Jul 2, 2024",7:09 AM,8 hour(s),10.0 kilometer(s),,,7,TRUE,35 species (+1 other taxa),
Saddle-billed Stork (Ephippiorhynchus senegalensis),2,"Auto selected -19.11847, 23.51189",Historical,"Jul 2, 2024",7:09 AM,8 hour(s),10.0 kilometer(s),,,7,TRUE,35 species (+1 other taxa),
African Darter (Anhinga rufa),1,"Auto selected -19.11847, 23.51189",Historical,"Jul 2, 2024",7:09 AM,8 hour(s),10.0 kilometer(s),,,7,TRUE,35 species (+1 other taxa),
Reed Cormorant (Microcarbo africanus),1,"Auto selected -19.11847, 23.51189",Historical,"Jul 2, 2024",7:09 AM,8 hour(s),10.0 kilometer(s),,,7,TRUE,35 species (+1 other taxa),
African Sacred Ibis (Threskiornis aethiopicus),1,"Auto selected -19.11847, 23.51189",Historical,"Jul 2, 2024",7:09 AM,8 hour(s),10.0 kilometer(s),,,7,TRUE,35 species (+1 other taxa),
Slaty Egret (Egretta vinaceigula),1,"Auto selected -19.11847, 23.51189",Historical,"Jul 2, 2024",7:09 AM,8 hour(s),10.0 kilometer(s),,,7,TRUE,35 species (+1 other taxa),Dark bill with rufous patch under throat. Yellow eye.
Little Egret (Egretta garzetta),2,"Auto selected -19.11847, 23.51189",Historical,"Jul 2, 2024",7:09 AM,8 hour(s),10.0 kilometer(s),,,7,TRUE,35 species (+1 other taxa),
Squacco Heron (Ardeola ralloides),2,"Auto selected -19.11847, 23.51189",Historical,"Jul 2, 2024",7:09 AM,8 hour(s),10.0 kilometer(s),,,7,TRUE,35 species (+1 other taxa),
Grey Heron (Ardea cinerea),1,"Auto selected -19.11847, 23.51189",Historical,"Jul 2, 2024",7:09 AM,8 hour(s),10.0 kilometer(s),,,7,TRUE,35 species (+1 other taxa),
Goliath Heron (Ardea goliath),2,"Auto selected -19.11847, 23.51189",Historical,"Jul 2, 2024",7:09 AM,8 hour(s),10.0 kilometer(s),,,7,TRUE,35 species (+1 other taxa),
White-backed Vulture (Gyps africanus),1,"Auto selected -19.11847, 23.51189",Historical,"Jul 2, 2024",7:09 AM,8 hour(s),10.0 kilometer(s),,,7,TRUE,35 species (+1 other taxa),
Bateleur (Terathopius ecaudatus),2,"Auto selected -19.11847, 23.51189",Historical,"Jul 2, 2024",7:09 AM,8 hour(s),10.0 kilometer(s),,,7,TRUE,35 species (+1 other taxa),
Brown Snake-Eagle (Circaetus cinereus),2,"Auto selected -19.11847, 23.51189",Historical,"Jul 2, 2024",7:09 AM,8 hour(s),10.0 kilometer(s),,,7,TRUE,35 species (+1 other taxa),
Martial Eagle (Polemaetus bellicosus),1,"Auto selected -19.11847, 23.51189",Historical,"Jul 2, 2024",7:09 AM,8 hour(s),10.0 kilometer(s),,,7,TRUE,35 species (+1 other taxa),
African Hawk-Eagle (Aquila spilogaster),2,"Auto selected -19.11847, 23.51189",Historical,"Jul 2, 2024",7:09 AM,8 hour(s),10.0 kilometer(s),,,7,TRUE,35 species (+1 other taxa),
African Fish-Eagle (Icthyophaga vocifer),5,"Auto selected -19.11847, 23.51189",Historical,"Jul 2, 2024",7:09 AM,8 hour(s),10.0 kilometer(s),,,7,TRUE,35 species (+1 other taxa),
Eurasian Hoopoe (Upupa epops africana),1,"Auto selected -19.11847, 23.51189",Historical,"Jul 2, 2024",7:09 AM,8 hour(s),10.0 kilometer(s),,,7,TRUE,35 species (+1 other taxa),
Southern Ground-Hornbill (Bucorvus leadbeateri),2,"Auto selected -19.11847, 23.51189",Historical,"Jul 2, 2024",7:09 AM,8 hour(s),10.0 kilometer(s),,,7,TRUE,35 species (+1 other taxa),
Southern Red-billed Hornbill (Tockus rufirostris),1,"Auto selected -19.11847, 23.51189",Historical,"Jul 2, 2024",7:09 AM,8 hour(s),10.0 kilometer(s),,,7,TRUE,35 species (+1 other taxa),
Little Bee-eater (Merops pusillus),1,"Auto selected -19.11847, 23.51189",Historical,"Jul 2, 2024",7:09 AM,8 hour(s),10.0 kilometer(s),,,7,TRUE,35 species (+1 other taxa),
Pied Kingfisher (Ceryle rudis),1,"Auto selected -19.11847, 23.51189",Historical,"Jul 2, 2024",7:09 AM,8 hour(s),10.0 kilometer(s),,,7,TRUE,35 species (+1 other taxa),
Lilac-breasted Roller (Coracias caudatus),5,"Auto selected -19.11847, 23.51189",Historical,"Jul 2, 2024",7:09 AM,8 hour(s),10.0 kilometer(s),,,7,TRUE,35 species (+1 other taxa),
Fork-tailed Drongo (Dicrurus adsimilis),3,"Auto selected -19.11847, 23.51189",Historical,"Jul 2, 2024",7:09 AM,8 hour(s),10.0 kilometer(s),,,7,TRUE,35 species (+1 other taxa),
Chirping Cisticola (Cisticola pipiens),1,"Auto selected -19.11847, 23.51189",Historical,"Jul 2, 2024",7:09 AM,8 hour(s),10.0 kilometer(s),,,7,TRUE,35 species (+1 other taxa),
Lesser Striped Swallow (Cecropis abyssinica),1,"Auto selected -19.11847, 23.51189",Historical,"Jul 2, 2024",7:09 AM,8 hour(s),10.0 kilometer(s),,,7,TRUE,35 species (+1 other taxa),
Red-billed Oxpecker (Buphagus erythroryncha),4,"Auto selected -19.11847, 23.51189",Historical,"Jul 2, 2024",7:09 AM,8 hour(s),10.0 kilometer(s),,,7,TRUE,35 species (+1 other taxa),
Burchell's Starling (Lamprotornis australis),1,"Auto selected -19.11847, 23.51189",Historical,"Jul 2, 2024",7:09 AM,8 hour(s),10.0 kilometer(s),,,7,TRUE,35 species (+1 other taxa),
Meves's Starling (Lamprotornis mevesii mevesii),4,"Auto selected -19.11847, 23.51189",Historical,"Jul 2, 2024",7:09 AM,8 hour(s),10.0 kilometer(s),,,7,TRUE,35 species (+1 other taxa),
Red-billed Spurfowl (Pternistis adspersus),10,"Auto selected -19.11826, 23.51164",Historical,"Jul 3, 2024",8:58 AM,8 hour(s),10.907 kilometer(s),,,7,TRUE,10 species,
Red-eyed Dove (Streptopelia semitorquata),1,"Auto selected -19.11826, 23.51164",Historical,"Jul 3, 2024",8:58 AM,8 hour(s),10.907 kilometer(s),,,7,TRUE,10 species,
Hooded Vulture (Necrosyrtes monachus),8,"Auto selected -19.11826, 23.51164",Historical,"Jul 3, 2024",8:58 AM,8 hour(s),10.907 kilometer(s),,,7,TRUE,10 species,
Bateleur (Terathopius ecaudatus),1,"Auto selected -19.11826, 23.51164",Historical,"Jul 3, 2024",8:58 AM,8 hour(s),10.907 kilometer(s),,,7,TRUE,10 species,
Brown Snake-Eagle (Circaetus cinereus),2,"Auto selected -19.11826, 23.51164",Historical,"Jul 3, 2024",8:58 AM,8 hour(s),10.907 kilometer(s),,,7,TRUE,10 species,
African Barred Owlet (Glaucidium capense),1,"Auto selected -19.11826, 23.51164",Historical,"Jul 3, 2024",8:58 AM,8 hour(s),10.907 kilometer(s),,,7,TRUE,10 species,
African Grey Hornbill (Lophoceros nasutus),1,"Auto selected -19.11826, 23.51164",Historical,"Jul 3, 2024",8:58 AM,8 hour(s),10.907 kilometer(s),,,7,TRUE,10 species,
Southern Red-billed Hornbill (Tockus rufirostris),1,"Auto selected -19.11826, 23.51164",Historical,"Jul 3, 2024",8:58 AM,8 hour(s),10.907 kilometer(s),,,7,TRUE,10 species,
Long-billed Crombec (Sylvietta rufescens),1,"Auto selected -19.11826, 23.51164",Historical,"Jul 3, 2024",8:58 AM,8 hour(s),10.907 kilometer(s),,,7,TRUE,10 species,
Green-backed Camaroptera (Camaroptera brachyura),1,"Auto selected -19.11826, 23.51164",Historical,"Jul 3, 2024",8:58 AM,8 hour(s),10.907 kilometer(s),,,7,TRUE,10 species,
White-faced Whistling-Duck (Dendrocygna viduata),5,"Auto selected -19.11826, 23.51164",Historical,"Jul 4, 2024",6:53 AM,8 hour(s),3.648 kilometer(s),,,7,TRUE,9 species,
Helmeted Guineafowl (Numida meleagris),4,"Auto selected -19.11826, 23.51164",Historical,"Jul 4, 2024",6:53 AM,8 hour(s),3.648 kilometer(s),,,7,TRUE,9 species,
Ring-necked Dove (Streptopelia capicola),5,"Auto selected -19.11826, 23.51164",Historical,"Jul 4, 2024",6:53 AM,8 hour(s),3.648 kilometer(s),,,7,TRUE,9 species,
Emerald-spotted Wood-Dove (Turtur chalcospilos),1,"Auto selected -19.11826, 23.51164",Historical,"Jul 4, 2024",6:53 AM,8 hour(s),3.648 kilometer(s),,,7,TRUE,9 species,
Coppery-tailed Coucal (Centropus cupreicaudus),1,"Auto selected -19.11826, 23.51164",Historical,"Jul 4, 2024",6:53 AM,8 hour(s),3.648 kilometer(s),,,7,TRUE,9 species,
Southern Yellow-billed Hornbill (Tockus leucomelas),5,"Auto selected -19.11826, 23.51164",Historical,"Jul 4, 2024",6:53 AM,8 hour(s),3.648 kilometer(s),,,7,TRUE,9 species,
White-crowned Shrike (Eurocephalus anguitimens),1,"Auto selected -19.11826, 23.51164",Historical,"Jul 4, 2024",6:53 AM,8 hour(s),3.648 kilometer(s),,,7,TRUE,9 species,
Common Bulbul (Pycnonotus barbatus),1,"Auto selected -19.11826, 23.51164",Historical,"Jul 4, 2024",6:53 AM,8 hour(s),3.648 kilometer(s),,,7,TRUE,9 species,
Burchell's Starling (Lamprotornis australis),4,"Auto selected -19.11826, 23.51164",Historical,"Jul 4, 2024",6:53 AM,8 hour(s),3.648 kilometer(s),,,7,TRUE,9 species,
Helmeted Guineafowl (Numida meleagris),6,"Auto selected -19.09983, 23.51792",Historical,"Jul 5, 2024",8:39 AM,8 hour(s),5.125 kilometer(s),,,1,TRUE,19 species,
Coqui Francolin (Campocolinus coqui),2,"Auto selected -19.09983, 23.51792",Historical,"Jul 5, 2024",8:39 AM,8 hour(s),5.125 kilometer(s),,,1,TRUE,19 species,
Swainson's Spurfowl (Pternistis swainsonii),2,"Auto selected -19.09983, 23.51792",Historical,"Jul 5, 2024",8:39 AM,8 hour(s),5.125 kilometer(s),,,1,TRUE,19 species,
Emerald-spotted Wood-Dove (Turtur chalcospilos),1,"Auto selected -19.09983, 23.51792",Historical,"Jul 5, 2024",8:39 AM,8 hour(s),5.125 kilometer(s),,,1,TRUE,19 species,
Double-banded Sandgrouse (Pterocles bicinctus),2,"Auto selected -19.09983, 23.51792",Historical,"Jul 5, 2024",8:39 AM,8 hour(s),5.125 kilometer(s),,,1,TRUE,19 species,
Medium Egret (Ardea intermedia),1,"Auto selected -19.09983, 23.51792",Historical,"Jul 5, 2024",8:39 AM,8 hour(s),5.125 kilometer(s),,,1,TRUE,19 species,
Grey Heron (Ardea cinerea),1,"Auto selected -19.09983, 23.51792",Historical,"Jul 5, 2024",8:39 AM,8 hour(s),5.125 kilometer(s),,,1,TRUE,19 species,
Pink-backed Pelican (Pelecanus rufescens),15,"Auto selected -19.09983, 23.51792",Historical,"Jul 5, 2024",8:39 AM,8 hour(s),5.125 kilometer(s),,,1,TRUE,19 species,
White-backed Vulture (Gyps africanus),1,"Auto selected -19.09983, 23.51792",Historical,"Jul 5, 2024",8:39 AM,8 hour(s),5.125 kilometer(s),,,1,TRUE,19 species,
Bateleur (Terathopius ecaudatus),2,"Auto selected -19.09983, 23.51792",Historical,"Jul 5, 2024",8:39 AM,8 hour(s),5.125 kilometer(s),,,1,TRUE,19 species,
African Fish-Eagle (Icthyophaga vocifer),2,"Auto selected -19.09983, 23.51792",Historical,"Jul 5, 2024",8:39 AM,8 hour(s),5.125 kilometer(s),,,1,TRUE,19 species,
Southern Ground-Hornbill (Bucorvus leadbeateri),2,"Auto selected -19.09983, 23.51792",Historical,"Jul 5, 2024",8:39 AM,8 hour(s),5.125 kilometer(s),,,1,TRUE,19 species,
Southern Red-billed Hornbill (Tockus rufirostris),4,"Auto selected -19.09983, 23.51792",Historical,"Jul 5, 2024",8:39 AM,8 hour(s),5.125 kilometer(s),,,1,TRUE,19 species,
Lilac-breasted Roller (Coracias caudatus),2,"Auto selected -19.09983, 23.51792",Historical,"Jul 5, 2024",8:39 AM,8 hour(s),5.125 kilometer(s),,,1,TRUE,19 species,
Fork-tailed Drongo (Dicrurus adsimilis),1,"Auto selected -19.09983, 23.51792",Historical,"Jul 5, 2024",8:39 AM,8 hour(s),5.125 kilometer(s),,,1,TRUE,19 species,
Arrow-marked Babbler (Turdoides jardineii),6,"Auto selected -19.09983, 23.51792",Historical,"Jul 5, 2024",8:39 AM,8 hour(s),5.125 kilometer(s),,,1,TRUE,19 species,
Burchell's Starling (Lamprotornis australis),1,"Auto selected -19.09983, 23.51792",Historical,"Jul 5, 2024",8:39 AM,8 hour(s),5.125 kilometer(s),,,1,TRUE,19 species,
Kalahari Scrub Robin (Cercotrichas paena),2,"Auto selected -19.09983, 23.51792",Historical,"Jul 5, 2024",8:39 AM,8 hour(s),5.125 kilometer(s),,,1,TRUE,19 species,
Southern Cordonbleu (Uraeginthus angolensis),5,"Auto selected -19.09983, 23.51792",Historical,"Jul 5, 2024",8:39 AM,8 hour(s),5.125 kilometer(s),,,1,TRUE,19 species,
Red-billed Spurfowl (Pternistis adspersus),5,Maun--Audi Camp,Incidental,"Jul 8, 2024",1:25 PM,,,,,1,FALSE,10 species,
Red-eyed Dove (Streptopelia semitorquata),6,Maun--Audi Camp,Incidental,"Jul 8, 2024",1:25 PM,,,,,1,FALSE,10 species,
African Grey Hornbill (Lophoceros nasutus),3,Maun--Audi Camp,Incidental,"Jul 8, 2024",1:25 PM,,,,,1,FALSE,10 species,
Gabon Boubou (Laniarius bicolor),2,Maun--Audi Camp,Incidental,"Jul 8, 2024",1:25 PM,,,,,1,FALSE,10 species,
Magpie Shrike (Urolestes melanoleucus),1,Maun--Audi Camp,Incidental,"Jul 8, 2024",1:25 PM,,,,,1,FALSE,10 species,
Yellow-bellied Greenbul (Chlorocichla flaviventris),1,Maun--Audi Camp,Incidental,"Jul 8, 2024",1:25 PM,,,,,1,FALSE,10 species,
Common Bulbul (Pycnonotus barbatus),4,Maun--Audi Camp,Incidental,"Jul 8, 2024",1:25 PM,,,,,1,FALSE,10 species,
Arrow-marked Babbler (Turdoides jardineii),6,Maun--Audi Camp,Incidental,"Jul 8, 2024",1:25 PM,,,,,1,FALSE,10 species,
White-browed Robin-Chat (Cossypha heuglini),4,Maun--Audi Camp,Incidental,"Jul 8, 2024",1:25 PM,,,,,1,FALSE,10 species,
Holub's Golden-Weaver (Ploceus xanthops),2,Maun--Audi Camp,Incidental,"Jul 8, 2024",1:25 PM,,,,,1,FALSE,10 species,
