id,species,undet,ad_m,ad_f,ad_u,sub_m,sub_f,sub_u,juv_m,juv_f,juv_u,count,distance,angle,odometer,lat,lon,notes
1,wild_dog,3,,,,,,,,,,3,400,30,0,-19.11692796,23.51264904,
1,zebra,4,,,,,,,,,,4,254,70,0.4,-19.116553,23.509024,
1,tsb,6,,,,,,,,,,6,238,70,0.4,-19.116553,23.509024,
1,giraffe,1,,,,,,,,,,1,868,70,0.8,-19.11594573,23.50491226,
1,impala,,1,3,,,,,,,,4,53,80,1.2,-19.11365962,23.50280936,
1,zebra,,,,6,,,2,,,,8,76,10,1.5,-19.1115524,23.50178072,
1,giraffe,,1,,,,,,,,,1,142,90,1.7,-19.110001,23.50215259,
1,buffalo,,4,,,,,,,,,4,39,80,2,-19.10739039,23.5034384,
1,elephant,,2,,,,,,,,,2,34,60,2.1,-19.10699092,23.50391497,
1,zebra,3,,,,,,,,,,3,108,80,2.8,-19.10107918,23.50453376,
1,zebra,3,,,,,,,,,,3,64,80,3.5,-19.09847138,23.50688676,
1,tree_squirrel,2,,,,,,,,,,2,11,70,4.1,-19.09839431,23.51244891,
1,tree_squirrel,5,,,,,,,,,,5,26,90,4.3,-19.09884606,23.51422223,
1,buffalo,,2,,,,,,,,,2,41,20,4.3,-19.09884606,23.51422223,
1,impala,13,,,,,,,,,,13,25,0,4.6,-19.0994378,23.51643114,possibly not undetermined
1,buffalo,3,,,,,,,,,,3,205,80,8.7,-19.1142491,23.54439922,possibly not undetermined
1,giraffe,2,,,,,,,,,,2,523,80,8.7,-19.1142491,23.54439922,possibly not undetermined
1,zebra,1,,,,,,,,,,1,242,80,8.7,-19.1142491,23.54439922,
1,impala,,1,5,,,,,,,,6,29,90,9.2,-19.1142873,23.54838223,
1,zebra,,,,3,,,,,,1,4,224,45,9.5,-19.113088,23.54783,
1,impala,,,13,,5,,,,,,18,119,30,9.5,-19.113088,23.54783,
1,zebra,,,,3,,,,,,,3,349,30,9.5,-19.113088,23.54783,
1,impala,,3,,,,,,,,,3,348,30,9.5,-19.113088,23.54783,
2.1,tsb,,,,1,,,,,,,1,545,85,0,-19.11728,23.51128,
2.1,impala,,1,2,,,,,,,,3,103,35,0.4,-19.11621,23.50707,
2.1,giraffe,,,4,,,,,,,,4,494,85,2,-19.10631,23.50448,
2.1,zebra,,,,2,,,,,,25,27,250,85,2,-19.10631,23.50448,
2.1,zebra,,,,2,,,,,,,2,84,10,,-19.09803,23.50633,
2.1,impala,,,7,,1,,,,,,8,27,65,3,-19.0984,23.51245,
2.1,elephant,,,,4,,,2,,,1,7,91.4,65,3.8,-19.09909,23.5225,
2.1,zebra,,,,2,,,1,,,,3,46.9,85,5,-19.09729,23.52466,
2.1,tree_squirrel,,,,2,,,,,,,2,13.8,85,5.3,-19.10303,23.53622,
2.1,tree_squirrel,,,,2,,,,,,,2,23,65,7,-19.10677,23.53925,
2.1,impala,,1,5,,,,,,,,6,54.6,55,7.6,-19.11147,23.54371,
2.1,vervet,,,,2,,,,,,3,5,20.2,55,8.6,-19.11136,23.54451,
2.2,dw_mon,,,,4,,,,,,,4,12.8,75,8.7,-19.11136,23.54451,
2.2,elephant,,,,1,,,,,,,1,161.3,20,8.7,-19.1149,23.55885,
2.2,tree_squirrel,,,,2,,,,,,,2,29.8,65,10.65,-19.2211,23.56614,
2.2,hippo,,,,1,,,,,,,1,137.2,30,13,-19.2211,23.56614,
2.2,zebra,,,1,,,,,,,,1,30.7,40,13.3,-19.1221,23.5633,
2.2,tree_squirrel,,,,2,,,,,,,2,15.4,55,13.5,-19.12114,23.56335,
2.2,slender_mon,,,,1,,,,,,,1,21.2,70,13.5,-19.12114,23.56335,
2.2,banded_mon,,,,,,,,,,,0,8.7,85,14.9,-19.11666,23.55129,
2.2,zebra,,,,27,,,1,,,1,29,120,35,15.5,-19.11415,23.54773,
2.2,zebra,,,,19,,,,,,2,21,544,85,15.5,-19.11415,23.54773,
2.2,waterbuck,,,,1,,,,,,,1,544,35,15.5,-19.11415,23.54773,
2.2,wildebeest,,,,1,,,,,,,1,544,35,15.5,-19.11415,23.54773,
2.2,giraffe,,1,,,,,,,,,1,45,75,16,-19.11468,23.54392,
2.2,sable,,1,,,,,,,,,1,67,65,16.4,-19.11598,23.54101,
2.2,impala,,,12,,,,,,,,12,196,55,16.7,-19.11488,23.53837,
2.2,impala,,1,4,,,,,,,,5,180,20,16.7,-19.11488,23.53837,
2.2,impala,,,22,,1,,,,,,23,40,65,17.3,-19.11574,23.53365,
2.2,impala,,2,,,2,,,,,,4,190,65,17.9,-19.11807,23.52876,
2.2,zebra,,1,1,,,,,,,,2,88,30,18.3,-19.11847,23.52523,
2.2,giraffe,,,,,,1,,,,,1,520,35,18.7,-19.11908,23.52205,
2.2,giraffe,,,3,,2,,,,,,5,125,5,19.1,-19.11924,23.51836,
2.2,giraffe,,1,,,,,,,,,1,62,90,19.7,-19.11834,23.51388,
3.1,zebra,,,,9,,,1,,,,10,151,70,0.158,-19.11877,23.51447,
3.1,impala,1,1,4,,,,,,,,6,215,80,0.158,-19.11877,23.51447,
3.1,warthog,,1,,,,,,,,,1,194,80,0.158,-19.11877,23.51447,
3.1,warthog,,1,1,,,,,,,,2,292,30,0.406,-19.11903,23.51699,
3.1,warthog,,1,,,,,,,,,1,166,45,0.406,-19.11903,23.51699,
3.1,ostrich,,1,,,,,,,,,1,310,50,2,-19.11714,23.53044,
3.1,impala,,1,5,1,,,,,,,7,173,60,2.3,-19.11649,23.53239,
3.1,zebra,1,,,,,,,,,,1,179,60,2.3,-19.11649,23.53239,
3.1,kudu,,1,,,,,,,,,1,170,90,3.6,-19.11526,23.54292,
3.1,impala,2,,1,,,,,,,,3,239,80,3.6,-19.11526,23.54292,
3.1,kudu,,1,,,,,,,,,1,419,40,3.6,-19.11526,23.54292,
3.1,zebra,,,,8,,,,,,1,9,125,50,4.1,-19.11423,23.54716,
3.1,zebra,42,,,,,,,,,1,43,571,90,4.2,-19.11416,23.54782,
3.1,kudu,,1,4,,,,,,,,5,364,80,4.2,-19.11416,23.54782,
3.1,impala,,1,,,,,,,,,1,133,80,4.2,-19.11416,23.54782,
3.1,tsb,,,,5,,,,,,,5,375,70,4.2,-19.11416,23.54782,
3.1,waterbuck,,3,,,,,,,,,3,377,70,4.2,-19.11416,23.54782,
3.1,kudu,,,5,,,,,,,1,6,63,90,4.5,-19.11515,23.55018,
3.1,zebra,,,,7,,,,,,1,8,265,90,4.5,-19.11515,23.55018,
3.1,vervet,,1,,3,,,,,,3,7,57,0,4.7,-19.11633,23.55097,
3.1,impala,,1,13,9,,1,,,,,24,152,90,4.9,-19.11715,23.55264,
3.1,tree_squirrel,,,,1,,,,,,,1,19,80,5.2,-19.11777,23.55504,
3.1,tree_squirrel,,,,1,,,,,,,1,24,10,5.2,-19.11777,23.55504,
3.1,impala,,2,6,,,,,,,,8,173,90,6,-19.1201,23.56147,
3.1,bb_jackal,,,,1,,,,,,,1,56,20,6,-19.1201,23.56147,
3.1,wildebeest,,1,,2,,,,,,,3,161,90,6,-19.1201,23.56147,
3.1,tree_squirrel,,,,2,,,,,,,2,10,10,6.3,-19.12171,23.56322,
3.1,baboon,,,,16,,,,,,4,20,74,20,6.5,-19.12245,23.56441,
3.1,tree_squirrel,,,,3,,,,,,,3,10,20,6.6,-19.12207,23.56515,
3.1,zebra,,,,15,,,2,,,,17,109,20,6.6,-19.12216,23.56557,
3.1,impala,,1,,8,2,3,,,,,14,44,0,7.8,-19.11725,23.56808,
3.1,elephant,,,,1,,,1,,,,2,162,45,8,-19.11741,23.56673,
3.1,elephant,,,,,,,1,,,,1,37,80,8.2,-19.11591,23.56512,
3.1,tree_squirrel,,,,1,,,,,,,1,8,10,8.2,-19.11591,23.56512,
3.1,impala,,,,1,,,,,,,1,23,90,9.6,-19.11136,23.55489,
3.1,slender_mon,,,1,4,,,,,,,5,11,20,9.7,-19.11111,23.55403,
3.1,steenbok,,,1,,,,,,,,1,25,45,10.3,-19.1114,23.54885,
3.2,zebra,,,,7,,,,,,,7,566,90,10.5,-19.11096,23.54751,
3.2,elephant,,1,,,1,,,,,,2,33,80,10.5,-19.11075,23.54731,
3.2,impala,,1,2,,,,,,,,3,148,30,10.5,-19.11075,23.54731,
3.2,impala,,8,2,,,,,,,,10,525,70,10.6,-19.11063,23.54665,
3.2,impala,,7,,,,,,,,,7,60,80,10.7,-19.11096,23.54608,
3.2,tree_squirrel,,,,1,,,,,,,1,10,80,10.9,-19.11142,23.54405,
3.2,impala,,1,,,1,,,,,,2,33,60,10.9,-19.11142,23.54405,
3.2,impala,,,1,,,,,,,,1,75,60,11.1,-19.11207,23.54252,
3.2,elephant,,1,,,,,,,,,1,67,90,11.3,-19.1114,23.54089,
3.2,giraffe,,1,,,,,,,,,1,111,0,11.7,-19.10868,23.54002,
3.2,tree_squirrel,,,,1,,,,,,,1,2,90,12.3,-19.10397,23.53673,
3.2,tree_squirrel,,,,1,,,,,,,1,5,30,18.2,-19.11234,23.5021,
3.2,impala,,2,16,,,,,,,,18,73,70,18.3,-19.11331,23.50251,
3.2,warthog,,,,2,,,,,,,2,44,90,19,-19.11617,23.50675,
4.1,warthog,,,1,,,,,,,,1,220,30,0.56,-19.11938,23.517644,
4.1,zebra,,,,3,,,1,,,,4,40,90,1.3,-19.118616,23.5523836,
4.1,giraffe,,1,,,,,,,,,1,480,60,1.7,-19.117683,23.527101,
4.1,tsb,,,,1,,,,,,,1,330,60,2.17,-19.116745,23.53099,
4.1,impala,,,12,,,,,,,,12,177,60,2.32,-19.116516,23.532337,
4.1,tsb,,,,5,,,,,,,5,197,70,2.7,-19.114673,23.535298,
4.1,impala,,1,,,,,,,,,1,280,40,3.6,-19.115461,23.542608,
4.1,impala,,1,4,,,,,,,,5,73,10,3.9,-19.115154,23.544787,
4.1,impala,,8,18,,,,,,,,26,56,80,3.9,-19.115154,23.544787,
4.1,wildebeest,,1,,,,,,,,,1,56,80,3.9,-19.115154,23.544787,
4.1,zebra,,,,9,,,,,,2,11,212,45,3.97,-19.115193,23.545438,
4.1,waterbuck,,3,,,,,,,,,3,490,85,4.25,-19.114182,23.546755,
4.1,impala,,1,,,,,,,,,1,62,65,4.25,-19.114182,23.546755,
4.1,zebra,,,,6,,,,,,,6,410,85,4.25,-19.114182,23.546755,
4.1,warthog,,,,1,,,,,,,1,400,90,4.25,-19.114182,23.546755,
4.1,tree_squirrel,,,,2,,,,,,,2,26,25,4.34,-19.1142,23.548522,
4.1,zebra,,,,8,,,,,,,8,75,30,6.23,-19.120938,23.562831,
4.1,impala,,,,19,,,,,,,19,79,5,6.23,-19.120938,23.562831,
4.1,baboon,,,,6,,,,,,,6,80,20,6.23,-19.120938,23.562831,
4.1,tree_squirrel,,,,1,,,,,,,1,12,65,9.7,-19.111461,23.55462,
4.1,impala,,,6,,,,,,,,6,30,50,9.89,-19.110891,23.553169,
4.1,kudu,,2,,,,,,,,,2,56,5,10.68,-19.110588,23.54676,
4.2,elephant,,,,,,,,,,,0,50,75,15.55,-19.098778,23.513795,
4.2,tree_squirrel,,,,2,,,,,,,2,40,90,15.55,-19.098778,23.513795,
4.2,elephant,,,,7,,,2,,,4,13,120,90,15.68,-19.09852,23.551237,
4.2,impala,,1,2,,,,,,,,3,29,55,16.88,-19.100335,23.504607,
4.2,impala,,,,,,,,,,,0,255,15,17.2,-19.103162,23.504315,
4.2,waterbuck,,1,3,,,,,,,,4,219,15,18.88,-19.115723,23.504248,
4.2,warthog,,,,3,,,,,,,3,206,10,18.88,-19.115723,23.504248,
4.2,impala,,,,,,,,,,,0,270,30,18.88,-19.115723,23.504248,
4.2,impala,,2,37,,,,,,,,39,176,0,18.93,-19.115915,23.504834,
4.2,tsb,,1,4,,,,,,,,5,170,0,19.93,-19.115915,23.504834,
4.2,warthog,,,,1,,,,,,,1,154,20,18.93,-19.115915,23.504834,
5.1,Elephant,,1,,,,,,,,,1,180,30,0.36,-19.11636,23.50863,
5.1,giraffe,,,,1,,,,,,,1,900,80,0.36,-19.1164,23.50863,
5.1,tsb,,,,5,,,,,,,5,405,75,0.45,-19.11625,23.50772,
5.1,wildebeest,,,,1,,,,,,,1,405,75,0.45,-19.11625,23.50772,
5.1,bb_jackal,,,,1,,,,,,,1,54,85,0.49,-19.11627,23.5074,
5.1,warthog,,1,,,,,,,,,1,492,45,0.49,-19.11627,23.5074,
5.1,giraffe,,1,,,,,,,,,1,325,10,0.87,-19.12072,23.50497,
5.1,impala,,,30,,1,,,,,,31,169,5,0.87,-19.11537,23.50416,
5.1,giraffe,,1,2,,,,,,,,3,167,75,2.6,-19.10193,23.5044,
5.1,warthog,,,,3,,,,,,,3,85,60,2.6,-19.10193,23.5044,
5.1,impala,,1,,,4,13,,,,,18,82,0,3.18,-19.09768,23.50557,
5.1,steenbok,,,,1,,,,,,,1,58,90,3.36,-19.0985,23.50727,
5.1,elephant,,,4,,,,,,,2,6,107,90,4.94,-19.09931,23.52102,
5.1,elephant,,,,1,,,,,,,1,109,90,5.36,-19.0976,23.52438,
5.1,steenbok,,,,1,,,,,,,1,150,0,8.37,-19.11191,23.5424,
5.1,impala,,1,,,,,,,,,1,29,30,8.79,-19.11049,23.5461,
5.1,impala,,2,,,,,,,,,2,22,90,9.42,-19.11049,23.551237,
5.1,banded_mon,,,,15,,,,,,,15,5,0,9.49,-19.11198,23.55342,
5.1,vervet,,,,2,,,,,,,2,38,90,9.82,-19.11128,23.5547,
5.2,impala,,1,,,,,,,,,1,34,10,0.95,-19.1221,23.5633,
5.2,giraffe,,1,,,,,,,,,1,73,0,1.45,-19.1143,23.5602,
5.2,zebra,,1,,,,,,,,,1,47,45,1.49,-19.1192,23.5599,
5.2,impala,,3,20,,1,,,,,,24,189,80,3.04,-19.1142,23.5478,
5.2,impala,,1,10,,,,,,,,11,177,30,3.09,-19.1141,23.5473,
5.2,impala,,1,,,4,,,,,,5,115,80,3.22,-19.1147,23.5461,Saw lions - 3 young male and 6 female with elephant kill. -19.11899
5.2,tsb,,,3,1,,,,,,,4,71,60,4.26,-19.11472,23.53779,
5.2,wildebeest,,1,,,,,,,,,1,72,60,4.26,-19.11472,23.53779,
5.2,zebra,1,,,2,,,1,,,,4,97,60,4.26,-19.11472,23.53779,
5.2,zebra,,,,6,,,,,,,6,318,45,5.16,-19.11722,23.53027,
5.2,impala,,,11,,,,,,,,11,23,45,5.37,-19.118084,23.52856,
5.2,kudu,,1,,,,,,,,,1,23,45,5.37,-19.118084,23.52856,
5.2,tsb,,,,2,,,,,,,2,349,80,5.59,-19.1176,23.5267,
5.2,zebra,,,,1,,,,,,,1,599,70,5.59,-19.1176,23.5267,
5.2,zebra,,,,5,,,,,,1,6,56,10,6.08,-19.11917,23.52241,
5.2,warthog,,,1,,,,,,,1,2,209,90,6.41,-19.1188,23.5194,
5.2,vervet,,,,4,,,,,,,4,43,45,7.11,-19.1181,23.5136,
5.2,baboon,,1,2,5,,,,,,7,15,55,30,7.11,-19.1181,23.5136,
5.2,impala,,1,7,,,,,,,,8,55,30,7.11,-19.1181,23.5136,
6.1,zebra,,,,5,,,,,,,5,144,35,0.15,-19.11853,23.5141,
6.1,kudu,,,3,2,,2,,,,,7,172,35,0.15,-19.1185,23.5141,
6.1,zebra,,,,10,,,3,,,,13,97,10,0.3,-19.11928,23.51535,
6.1,impala,,1,25,,,,,,,,26,97,10,0.3,-19.11928,23.51535,
6.1,buffalo,,1,,,,,,,,,1,287,25,0.46,-19.11897,23.51678,
6.1,zebra,,,,2,,,,,,,2,325,45,1.23,-19.11868,23.52346,
6.1,impala,,1,,,,,,,,,1,233,20,1.33,-19.11853,23.52437,
6.1,zebra,,,,3,,,,,,1,4,151,40,2.08,-19.11695,23.53063,
6.1,zebra,,1,1,4,,,,,,2,8,199,30,2.42,-19.11586,23.5336,
6.1,impala,,1,1,7,1,,,,,,10,33,30,3.45,-19.11582,23.542,
6.1,zebra,,,,7,,,,,,2,9,162,20,3.45,-19.11582,23.542,
6.1,tsb,,,,1,,,,,,,1,224,30,3.45,-19.1158,23.542,
6.1,zebra,,,,22,,,,,,2,24,220,90,3.77,-19.11482,23.54464,
6.1,zebra,,,,7,,,,,,1,8,39,5,3.77,-19.1148,23.54464,
6.1,impala,,1,9,,3,2,,,,,15,56,35,3.77,-19.1148,23.54464,
6.1,impala,,3,3,,,,,,,,6,168,90,3.77,-19.1148,23.54464,
6.1,impala,,,,8,,,,,,,8,14,40,4.15,-19.11416,23.54764,
6.1,zebra,,1,4,13,,,3,,,4,25,48,80,4.15,-19.1142,23.54764,
6.1,zebra ,,,,29,,,,,,3,32,58,70,5.27,-19.11743,23.55325,
6.1,giraffe,,1,,,,,,,,,1,158,70,5.27,-19.11785,23.55617,
6.1,warthog,,1,3,,,,,,,4,8,72,35,5.94,-19.12011,23.56149,
6.1,impala,,4,,,,,,,,,4,140,30,6.51,-19.12249,23.56533,
6.2,banded_mon,,,,9,,,,,,,9,18,90,1.31,-19.11564,23.56086,
6.2,buffalo,,2,,,,,,,,,2,54,40,1.37,-19.11551,23.56033,
6.2,impala,,4,,,,,,,,,4,17,90,2.01,-19.1125,23.5559,
6.2,steenbok,,1,,,,,,,,,1,73,90,2.4,-19.11078,23.5529,
6.2,impala,,6,,,,,,,,,6,47,80,2.76,-19.1105,23.55002,
6.2,impala,,,,10,,,,,,,10,359,60,3.09,-19.11067,23.54728,
6.2,zebra,,,,8,,,,,,1,9,359,60,3.09,-19.1107,23.54728,
6.2,impala,,,12,,2,,,,,,14,261,60,9.42,-19.1018,23.50441,
6.2,elephant,,,,1,,,,,,,1,116,80,10.53,-19.11075,23.5015,
7.1,impala,1,4,8,0,1,0,0,0,0,0,14,90,45,0.06,-19.11727,23.51149,
7.1,impala,0,1,9,0,1,0,0,0,0,0,11,58.5,90,0.48,-19.116264,23.507578,
7.1,impala,0,0,4,0,0,0,0,0,0,0,4,60,90,2.63,-19.101774,23.504422,
7.1,elephant,0,0,4,0,0,0,0,0,1,1,6,40,30,6.29,-19.096704,23.532041,
7.1,kudu,0,1,0,0,0,0,0,0,0,0,1,150,90,6.29,-19.096704,23.532041,
7.1,elephant,0,0,1,10,0,1,2,0,0,1,15,120,90,6.61,-19.099122,23.533457,
7.1,tsb,0,0,0,1,0,0,0,0,0,0,1,65,90,6.61,-19.099122,23.533457,
7.1,zebra,0,0,0,3,0,0,0,0,0,0,3,105,40,7.38,-19.104653,23.537293,
7.1,sable,0,0,0,5,0,0,0,0,0,1,6,126.3,45,7.84,-19.107812,23.539948,
7.1,impala,0,4,20,0,0,0,0,0,0,0,24,282.4,70,8.72,-19.111116,23.544802,
7.1,elephant,0,0,0,1,0,0,0,0,0,0,1,50,20,8.72,-19.111116,23.544802,
7.1,elephant,0,1,0,0,0,0,0,0,0,0,1,73,50,9.34,-19.111075,23.550007,
7.1,giraffe,0,0,2,0,0,0,0,0,0,1,3,70,15,9.34,-19.111075,23.550007,
7.1,zebra,0,0,0,3,0,0,0,0,0,2,5,65,40,9.76,-19.110936,23.553503,
7.1,impala,0,2,0,0,0,0,0,0,0,0,2,10,45,10.35,-19.113781,23.557872,
7.2,impala,0,5,19,0,0,0,0,0,0,0,24,481,35,0.39,-19.120818,23.568897,
7.2,zebra,0,0,0,6,0,0,0,0,0,0,6,243,45,0.73,-19.122166,23.566082,
7.2,giraffe,0,6,0,0,0,0,0,0,0,0,6,66,30,1.65,-19.119134,23.559163,
7.2,roan,0,0,0,1,0,0,0,0,0,0,1,142,90,3.13,-19.114158,23.547819,
7.2,zebra,0,0,0,13,0,0,0,0,0,1,14,142,90,3.13,-19.114158,23.547819,
7.2,impala,0,5,11,0,4,0,0,3,1,0,24,52,0,3.44,-19.115272,23.545255,
7.2,elephant,0,1,0,0,0,0,0,0,0,0,1,322,30,3.63,-19.11486,23.54374,
7.2,elephant,0,0,3,7,0,0,0,2,0,2,14,57,0,3.92,-19.116132,23.541354,
7.2,kudu,0,0,2,0,0,0,0,0,0,0,2,20,0,5.33,-19.1174,23.529747,
7.2,zebra,0,0,0,12,0,0,0,0,0,0,12,186,30,5.88,-19.11849,23.525222,
7.2,impala,0,10,12,0,0,0,0,0,0,0,22,202,15,5.88,-19.11849,23.525222,
7.2,warthog,0,0,0,2,0,0,0,0,0,0,2,190,40,6.51,-19.118811,23.51961,
7.2,vervet,0,0,0,2,0,0,0,0,0,0,2,24,0,7.28,-19.11762,23.513236,coord zeros are excluded by excel
8.1,reedbuck,,,,,2,,,,,,2,416,45,0.5,-19.116274,23.507346,
8.1,lechwe,,1,,,,,,,,,1,415,45,0.5,-19.116274,23.507346,
8.1,impala,,1,12,,,,,,,,13,42,45,4.01,-19.098561,23.513811,
8.1,slender_mon,,,,1,,,,,,,1,66,90,4.01,-19.098561,23.513811,
8.1,impala,,,10,,3,,,,,,13,20,30,4.52,-19.099632,23.51734,
8.1,elephant,,,4,,,,,,,,4,121,90,5.47,-19.096917,23.525402,
8.1,elephant,2,,,,,,,,,,2,95,90,5.65,-19.096434,23.526949,
8.1,impala,,,11,,2,,,,,,13,28,90,5.75,-19.096239,23.527805,
8.1,elephant,,3,12,,,,,,,4,19,40,40,5.96,-19.096138,23.527805,
8.1,elephant,,1,,,,,,,,,1,114,40,6.95,-19.101703,23.535632,
8.1,impala,,,,,5,,,,,,5,86,90,8.49,-19.111687,23.543299,
8.1,zebra,3,,,,,,,,,,3,179,90,8.71,-19.110938,23.545131,
8.1,wildebeest,12,,,,,,,,,,12,179,90,8.71,-19.110938,23.545131,
8.1,banded_mon,3,,,,,,,,,,3,44,30,10.82,-19.115772,23.5614,
8.2,impala,,1,,,,,,,,,1,72,90,,-19.116663,23.551243,
8.2,waterbuck,,,,2,,,1,,,,3,18,60,,-19.114346,23.549221,
8.2,impala,,1,,37,2,,,,,,40,196,90,,-19.114197,23.547208,
8.2,wildebeest,,,,14,,,,,,,14,171,40,,-19.114197,23.547208,
8.2,zebra,,,,5,,,,,,,5,169,40,,-19.114197,23.547208,
8.2,warthog,,,,5,,,,,,,5,240,40,,-19.114197,23.547208,
8.2,lion,,,3,,,,,,,5,8,1,45,,-19.114756,23.546119,
8.2,hippo,,,,1,,,,,,,1,104,90,,-19.1148,23.546119,
8.2,impala,,,,18,,,,,,,18,89,0,,-19.116422,23.532604,
8.2,cape_buffalo,,1,,,,,,,,,1,91,45,,-19.116422,23.532604,
8.2,warthog,,,,2,,,,,,,2,133,90,,-19.116422,23.532604,
8.2,elephant,,1,,,,,,,,,1,220,45,,-19.116971,23.530697,
8.2,elephant,,2,,,,,,,,,2,19,45,,-19.118044,23.528388,
8.2,impala,,,,18,,,,,,,18,34,0,,-19.117821,23.526063,
8.2,elephant,,,,14,,,,,,6,20,135,45,,-19.117821,23.526063,
8.2,hippo,,,,13,,,,,,,13,71,30,,-19.118536,23.524834,
8.2,elephant,,,14,,,3,,,,10,27,135,0,,-19.118536,23.524834,
8.2,warthog,,,,1,,,,,,,1,109,0,,-19.118536,23.524834,
8.2,waterbuck,,,,2,,,,,,1,3,107,0,,-19.119027,23.521925,
8.2,zebra,,,,17,,,,,,1,18,50,0,,-19.119027,23.521925,
8.2,impala,,,10,3,4,,,,,,17,70,0,,-19.119187,23.517893,
8.2,vervet,,1,,2,,,,,,2,5,17,0,,-19.118994,23.516599,
9.1,lechwe,,1,,,,,,,,,1,176,45,0,-19.117249,23.511746,
9.1,impala,,,,,4,,,,,,4,172,65,0.7,-19.117141,23.511041,
9.1,zebra,16,,,,,,,,,,16,123,90,2.77,-19.100529,23.50459,
9.1,kudu,1,,1,,,,,,,,2,123,90,2.77,-19.100529,23.50459,
9.1,impala,,1,2,,,,,,,,3,114,90,2.77,-19.100529,23.50459,
9.1,steenbok,1,,,,,,,,,,1,28,90,2.94,-19.099157,23.504539,
9.1,steenbok,,1,,,,,,,,,1,30,90,3.17,-19.097687,23.505423,
9.1,impala,,1,7,,4,,,,,,12,70,30,3.24,-19.097902,23.506098,
9.1,steenbok,,,1,,,,,,,,1,60,90,3.95,-19.123426,23.533682,
9.1,elephant,4,,8,,3,,,,,3,18,120,90,4.86,-19.099433,23.519892,
9.1,elephant,2,,3,,,,,,,2,7,119,90,5.41,-19.09753,23.524457,
9.1,elephant,,,4,,,,,,,2,6,34,0,5.48,-19.097137,23.524809,
9.1,elephant,,,1,10,,,,,,,11,58,19,5.61,-19.096853,23.526021,
9.1,elephant,,,,1,,,,,,,1,113,80,5.81,-19.096326,23.527624,
9.1,impala,,7,,,3,,,,,,10,180,25,8.43,-19.111885,23.542234,
9.1,giraffe,,1,,,,,,,,,1,442,90,8.66,-19.111459,23.544395,
9.1,wildebeest,,1,,,,,,,,,1,320,80,8.66,-19.111459,23.544395,
9.1,impala,,2,,,,,,,,,2,320,30,8.66,-19.111459,23.544395,
9.1,impala,,2,,,,,,,,,2,40,10,8.86,-19.110485,23.545965,
9.1,impala,,4,,,1,,,,,,5,48,20,9.5,-19.1105,23.551272,
9.1,dw_mon,,,,3,,,,,,,3,12,90,9.81,-19.111079,23.554054,
9.1,impala,,2,,,,,,,,,2,56,15,10.66,-19.115498,23.559576,
9.2,leopard,,,1,,,,,,,,1,10,0,0.88,-19.119864,23.56857,"Nikki, dominant female, pee spot"
9.2,impala,,4,,,,,,,,,4,41,80,1.71,-19.121376,23.563363,
9.2,zebra,,1,7,,,,,,,3,11,99,70,1.85,-19.120577,23.562397,
9.2,zebra,,1,2,,,1,,,,,4,100,92,1.96,-19.120003,23.561455,
9.2,wildebeest,,1,,,,,,,,,1,135,90,3.77,-19.114206,23.54726,counted in previous transect
9.2,hippo,,,,1,,,,,,,1,167,90,3.77,-19.114206,23.54726,
9.2,crocodile,,,,2,,,,,,,2,167,90,3.77,-19.114206,23.54726,
9.2,warthog,,,1,,,,,,,,1,130,90,3.87,-19.114789,23.546234,
9.2,impala,,1,26,,1,,,,,,28,46,0,4.74,-19.115074,23.538677,
9.2,elephant,,,4,21,,,,,,6,31,668,90,4.92,-19.114882,23.538307,
9.2,giraffe,,,,2,,,,,,,2,690,90,4.92,-19.114882,23.538307,
9.2,elephant,,,12,,,,3,,,10,25,67,45,6.51,-19.118552,23.525157,
9.2,hippo,,,14,,,,,,,3,17,114,60,6.51,-19.118552,23.525157,
9.2,elephant,,,2,,2,,,,,,4,36,90,6.85,-19.119068,23.522084,
9.2,impala,,,,7,,,,,,,7,42,19,7.78,-19.118513,23.514215,
9.2,impala,,2,,,4,,,,,,6,142,15,8.05,-19.116911,23.512455,
10.1,zebra,,,,11,,,,,,1,12,100,45,0.26,-19.116725,23.509434,
10.1,giraffe,,,2,,,,,,,1,3,89,45,0.26,-19.1167,23.509434,
10.1,lechwe,,2,,,,,,,,,2,155,50,0.49,-19.116245,23.507365,
10.1,reedbuck,,,1,1,,,,,,,2,95,90,0.49,-19.116245,23.507365,
10.1,cape_buffalo,127,,,,,,,,,,127,114,35,1.43,-19.11306,23.501696,calves + adults
10.1,vervet,,,,2,,,,,,,2,66,50,0.216,-19.107547,23.50338,
10.1,wildebeest,,,,11,,,,,,,11,215,50,2.2,-19.105575,23.504829,
10.1,elephant,,,6,,,,1,,,5,12,303,25,2.23,-19.105575,23.504829,
10.1,impala,,1,10,,,,,,,,11,246,27,2.47,-19.103443,23.504316,
10.1,zebra,,1,4,,,,,,,,5,35,70,3.52,-19.098639,23.508523,
10.1,elephant,,1,11,,,,1,,,4,17,25,30,3.64,-19.098608,23.509279,
10.1,impala,,,4,,2,,,,,,6,29,65,5.41,-19.09744,23.524504,
10.1,cape_buffalo,,1,,,,,,,,,1,10,30,7.65,-19.106731,23.539259,
10.1,banded_mon,16,,,,,,,,,,16,16,20,8.51,-19.11163,23.54344,
10.1,impala,,,9,,,,,,,,9,55,30,9.89,-19.111373,23.555086,
10.1,impala,,,5,,,,,,,,5,75,90,10.78,-19.115703,23.561275,
10.1,impala,,1,11,,,,,,,,12,36,0,11.88,-19.116408,23.570101,
10.2,giraffe,1,,,,,,,,,,1,828,20,0.17,-19.120627,23.567987,
10.2,reedbuck,,,1,,,,,,,,1,828,30,0.17,-19.120627,23.567987,
10.2,impala,,1,15,,,,,3,,,19,52,45,0.42,-19.122051,23.56629,
10.2,lion,,2,,,,,,,,,2,26,90,1,-19.120273,23.561744,
10.2,impala,,1,7,,,,,,,,8,65,45,2.67,-19.11424,23.548786,
10.2,tsb,4,,,,,,,,,,4,230,30,2.84,-19.114203,23.547243,
10.2,wildebeest,1,,,,,,,,,,1,169,30,2.84,-19.114203,23.547243,
10.2,hippo,1,,,,,,,,,,1,92,30,2.84,-19.114203,23.547243,
10.2,crocodile,1,,,,,,,,,,1,56,36,2.84,-19.114203,23.547243,
10.2,impala,,3,,,,,,,,,3,89,90,3.55,-19.116103,23.541316,
10.2,warthog,5,,,,,,,,,,5,274,15,3.98,-19.114764,23.537917,
10.2,elephant,,,1,,,1,,,,2,4,204,0,3.98,-19.114764,23.537917,
10.2,elephant,,,2,,1,,1,,,2,6,654,80,3.98,-19.114764,23.537917,
10.2,hippo,25,,,,,,,,,,25,101,45,5.53,-19.11854,23.524906,
10.2,waterbuck,,2,4,,,,,,,,6,173,45,5.53,-19.11854,23.524906,
10.2,elephant,1,,,,,,,,,,1,40,45,5.53,-19.11854,23.524906,
10.2,giraffe,,1,,,,,,,,,1,40,25,5.73,-19.118773,23.522994,
10.2,warthog,2,,,,,,,,,,2,135,30,6.21,-19.118964,23.519041,
10.2,zebra,4,,,,,,,,,,4,125,0,6.21,-19.118964,23.519041,
10.2,impala,,1,18,,,,,,,,19,150,0,6.21,-19.118964,23.519041,
10.2,baboon,14,,,,,,,,,2,16,42,20,6.21,-19.118964,23.519041,
10.2,elephant,5,,,,,,,,,,5,530,30,7.08,-19.117232,23.511989,
